{"cameraMode":{"drawMode":0,"name":"Shaded","section":"Shading Mode"},"sceneLighting":false,"audioPlay":false,"sceneViewState":{"showFog":true,"showMaterialUpdate":true,"showSkybox":false,"showFlares":true,"showImageEffects":true,"showParticleSystems":true},"in2DMode":false,"pivot":{"x":0.0,"y":29.700000762939454,"z":30.100000381469728},"rotation":{"x":0.06892695277929306,"y":0.02304479293525219,"z":-0.0015934152761474252,"w":0.9973564147949219},"size":4.729886054992676,"orthographic":false}