{"cameraMode":{"drawMode":0,"name":"Shaded","section":"Shading Mode"},"sceneLighting":false,"audioPlay":false,"sceneViewState":{"showFog":true,"showMaterialUpdate":true,"showSkybox":false,"showFlares":true,"showImageEffects":true,"showParticleSystems":true},"in2DMode":false,"pivot":{"x":1.7327700853347779,"y":-7.306832790374756,"z":11.140100479125977},"rotation":{"x":0.09144068509340286,"y":-0.5764720439910889,"z":0.06512748450040817,"w":0.809370756149292},"size":12.796943664550782,"orthographic":false}