{"cameraMode":{"drawMode":0,"name":"Shaded","section":"Shading Mode"},"sceneLighting":true,"audioPlay":false,"sceneViewState":{"showFog":true,"showMaterialUpdate":true,"showSkybox":true,"showFlares":true,"showImageEffects":true,"showParticleSystems":true},"in2DMode":false,"pivot":{"x":-9.5040922164917,"y":-5.239349842071533,"z":0.36468255519866946},"rotation":{"x":-0.10497696697711945,"y":0.7802153825759888,"z":-0.1361870914697647,"w":-0.601412832736969},"size":18.716466903686525,"orthographic":false}