{"cameraMode":{"drawMode":0,"name":"Shaded","section":"Shading Mode"},"sceneLighting":false,"audioPlay":false,"sceneViewState":{"showFog":true,"showMaterialUpdate":true,"showSkybox":false,"showFlares":true,"showImageEffects":true,"showParticleSystems":true},"in2DMode":false,"pivot":{"x":1.1008248329162598,"y":30.511035919189454,"z":35.679691314697269},"rotation":{"x":-0.016492588445544244,"y":-0.0284920372068882,"z":-0.0004692707152571529,"w":0.999459445476532},"size":5.582997798919678,"orthographic":false}