{"cameraMode":{"drawMode":0,"name":"Shaded","section":"Shading Mode"},"sceneLighting":false,"audioPlay":false,"sceneViewState":{"showFog":true,"showMaterialUpdate":true,"showSkybox":false,"showFlares":true,"showImageEffects":true,"showParticleSystems":true},"in2DMode":false,"pivot":{"x":1.6063251495361329,"y":-0.19612517952919007,"z":6.7037200927734379},"rotation":{"x":0.17952680587768556,"y":-0.1609262079000473,"z":0.029782557860016824,"w":0.9700458645820618},"size":4.206006050109863,"orthographic":false}