{"cameraMode":{"drawMode":0,"name":"Shaded","section":"Shading Mode"},"sceneLighting":false,"audioPlay":false,"sceneViewState":{"showFog":true,"showMaterialUpdate":true,"showSkybox":false,"showFlares":true,"showImageEffects":true,"showParticleSystems":true},"in2DMode":false,"pivot":{"x":1.1999998092651368,"y":-3.5762786865234377e-7,"z":5.199999809265137},"rotation":{"x":0.06892695277929306,"y":0.02304479293525219,"z":-0.0015934152761474252,"w":0.9973564147949219},"size":4.256971836090088,"orthographic":false}